iso_o,iso_d,indcode,AHS_simple
BRA,BRA,1,0
CHN,BRA,1,.078569233
EU,BRA,1,.073025778
IND,BRA,1,.086744182
JPN,BRA,1,.049858332
ROW,BRA,1,.03785257
USA,BRA,1,.064945981
BRA,CHN,1,.092700005
CHN,CHN,1,0
EU,CHN,1,.1031471
IND,CHN,1,.098535478
JPN,CHN,1,.097574681
ROW,CHN,1,.062632777
USA,CHN,1,.11037756
BRA,EU,1,.038715884
CHN,EU,1,.033983674
EU,EU,1,0
IND,EU,1,.019336455
JPN,EU,1,.039847888
ROW,EU,1,.010445
USA,EU,1,.031461481
BRA,IND,1,.28457391
CHN,IND,1,.29353821
EU,IND,1,.28779849
IND,IND,1,0
JPN,IND,1,.14721765
ROW,IND,1,.22121435
USA,IND,1,.27740845
BRA,JPN,1,.032092683
CHN,JPN,1,.021664705
EU,JPN,1,.024072392
IND,JPN,1,.0088148145
JPN,JPN,1,0
ROW,JPN,1,.016760401
USA,JPN,1,.029999409
BRA,ROW,1,.030366667
CHN,ROW,1,.052258387
EU,ROW,1,.042402137
IND,ROW,1,.044645742
JPN,ROW,1,.041051779
ROW,ROW,1,0
USA,ROW,1,.055757493
BRA,USA,1,.037342858
CHN,USA,1,.019535115
EU,USA,1,.025669185
IND,USA,1,.024141286
JPN,USA,1,.00961746
ROW,USA,1,.011378572
USA,USA,1,0
BRA,BRA,2,0
CHN,BRA,2,.070285715
EU,BRA,2,.049555555
IND,BRA,2,.055
JPN,BRA,2,.059999999
ROW,BRA,2,.038384002
USA,BRA,2,.046307694
BRA,CHN,2,.14684287
CHN,CHN,2,0
EU,CHN,2,.10707632
IND,CHN,2,.097233333
JPN,CHN,2,.10707879
ROW,CHN,2,.058907498
USA,CHN,2,.10593636
BRA,EU,2,.049078569
CHN,EU,2,.050983332
EU,EU,2,0
IND,EU,2,.036077552
JPN,EU,2,.063272096
ROW,EU,2,.021507895
USA,EU,2,.05220513
BRA,IND,2,.15000001
CHN,IND,2,.17307691
EU,IND,2,.24250001
IND,IND,2,0
JPN,IND,2,.20642857
ROW,IND,2,.16104595
USA,IND,2,.30000001
BRA,JPN,2,.055791669
CHN,JPN,2,.032186843
EU,JPN,2,.031653333
IND,JPN,2,.033299997
JPN,JPN,2,0
ROW,JPN,2,.028470967
USA,JPN,2,.033771794
BRA,ROW,2,.03463617
CHN,ROW,2,.050265655
EU,ROW,2,.034803227
IND,ROW,2,.021906741
JPN,ROW,2,.037091922
ROW,ROW,2,0
USA,ROW,2,.039272357
BRA,USA,2,.0064074076
CHN,USA,2,.0069999998
EU,USA,2,.004798485
IND,USA,2,.0048666666
JPN,USA,2,.0058571426
ROW,USA,2,.0016603604
USA,USA,2,0
BRA,BRA,3,0
CHN,BRA,3,0
EU,BRA,3,0
IND,BRA,3,0
JPN,BRA,3,0
ROW,BRA,3,0
USA,BRA,3,0
BRA,CHN,3,.015
CHN,CHN,3,0
EU,CHN,3,.030833332
IND,CHN,3,0
JPN,CHN,3,.016333334
ROW,CHN,3,.016333334
USA,CHN,3,.027222224
BRA,EU,3,0
CHN,EU,3,0
EU,EU,3,0
IND,EU,3,0
JPN,EU,3,0
ROW,EU,3,0
USA,EU,3,0
BRA,IND,3,0
CHN,IND,3,.025
EU,IND,3,.02
IND,IND,3,0
JPN,IND,3,.0208
ROW,IND,3,.0208
USA,IND,3,.02142857
BRA,JPN,3,0
CHN,JPN,3,0
EU,JPN,3,0
IND,JPN,3,0
JPN,JPN,3,0
ROW,JPN,3,0
USA,JPN,3,.0068333335
BRA,ROW,3,.0041666664
CHN,ROW,3,.0178
EU,ROW,3,.01046
IND,ROW,3,.019385714
JPN,ROW,3,.010033334
ROW,ROW,3,0
USA,ROW,3,.022869999
BRA,USA,3,0
CHN,USA,3,0
EU,USA,3,0
IND,USA,3,0
JPN,USA,3,0
ROW,USA,3,0
USA,USA,3,0
BRA,BRA,4,0
CHN,BRA,4,.037948716
EU,BRA,4,.034920637
IND,BRA,4,.038735293
JPN,BRA,4,.037
ROW,BRA,4,.026919998
USA,BRA,4,.034901962
BRA,CHN,4,.020499999
CHN,CHN,4,0
EU,CHN,4,.025086112
IND,CHN,4,.023813725
JPN,CHN,4,.029670177
ROW,CHN,4,.016341025
USA,CHN,4,.025802858
BRA,EU,4,.0002881356
CHN,EU,4,.00021518988
EU,EU,4,0
IND,EU,4,.00025373136
JPN,EU,4,.00028333336
ROW,EU,4,.000097619049
USA,EU,4,.00020731708
BRA,IND,4,.057915002
CHN,IND,4,.052711111
EU,IND,4,.05282985
IND,IND,4,0
JPN,IND,4,.018925926
ROW,IND,4,.039885331
USA,IND,4,.055445455
BRA,JPN,4,0
CHN,JPN,4,0
EU,JPN,4,.00021568628
IND,JPN,4,0
JPN,JPN,4,0
ROW,JPN,4,.00023013698
USA,JPN,4,.00025000001
BRA,ROW,4,.0044233766
CHN,ROW,4,.017864285
EU,ROW,4,.012845239
IND,ROW,4,.020824693
JPN,ROW,4,.008339474
ROW,ROW,4,0
USA,ROW,4,.02036
BRA,USA,4,.0027659091
CHN,USA,4,.0027327868
EU,USA,4,.002415942
IND,USA,4,.004274359
JPN,USA,4,.00020937501
ROW,USA,4,.0007474359
USA,USA,4,0
BRA,BRA,5,0
CHN,BRA,5,.035348836
EU,BRA,5,.032941177
IND,BRA,5,.038735293
JPN,BRA,5,.037142858
ROW,BRA,5,.024341175
USA,BRA,5,.030847456
BRA,CHN,5,.020231707
CHN,CHN,5,0
EU,CHN,5,.025205065
IND,CHN,5,.022915093
JPN,CHN,5,.02915862
ROW,CHN,5,.016154546
USA,CHN,5,.02564
BRA,EU,5,.00027419356
CHN,EU,5,.00019767442
EU,EU,5,0
IND,EU,5,.00023287673
JPN,EU,5,.00027419356
ROW,EU,5,.000086315798
USA,EU,5,.00018279572
BRA,IND,5,.05515714
CHN,IND,5,.052093104
EU,IND,5,.051227398
IND,IND,5,0
JPN,IND,5,.019535713
ROW,IND,5,.038698781
USA,IND,5,.051723074
BRA,JPN,5,0
CHN,JPN,5,0
EU,JPN,5,.00019999999
IND,JPN,5,0
JPN,JPN,5,0
ROW,JPN,5,.00021
USA,JPN,5,.0010196079
BRA,ROW,5,.0044714287
CHN,ROW,5,.017926315
EU,ROW,5,.012577895
IND,ROW,5,.020702248
JPN,ROW,5,.0085558137
ROW,ROW,5,0
USA,ROW,5,.020630209
BRA,USA,5,.0027659091
CHN,USA,5,.0025257575
EU,USA,5,.0023152777
IND,USA,5,.0039690477
JPN,USA,5,.00019705882
ROW,USA,5,.00065505615
USA,USA,5,0
BRA,BRA,6,0
CHN,BRA,6,.1203223
EU,BRA,6,.1196897
IND,BRA,6,.11092018
JPN,BRA,6,.12476666
ROW,BRA,6,.063946374
USA,BRA,6,.12015885
BRA,CHN,6,.13060534
CHN,CHN,6,0
EU,CHN,6,.13802934
IND,CHN,6,.11722385
JPN,CHN,6,.13697904
ROW,CHN,6,.082586877
USA,CHN,6,.14147891
BRA,EU,6,.076196916
CHN,EU,6,.081343405
EU,EU,6,0
IND,EU,6,.044334792
JPN,EU,6,.085766822
ROW,EU,6,.031498585
USA,EU,6,.079769537
BRA,IND,6,.23187536
CHN,IND,6,.2643795
EU,IND,6,.30319631
IND,IND,6,0
JPN,IND,6,.18256445
ROW,IND,6,.22917646
USA,IND,6,.2834062
BRA,JPN,6,.074134871
CHN,JPN,6,.059477162
EU,JPN,6,.07834778
IND,JPN,6,.043158974
JPN,JPN,6,0
ROW,JPN,6,.051178955
USA,JPN,6,.075057738
BRA,ROW,6,.055972673
CHN,ROW,6,.076957434
EU,ROW,6,.056892119
IND,ROW,6,.065769747
JPN,ROW,6,.062692977
ROW,ROW,6,0
USA,ROW,6,.073447317
BRA,USA,6,.055289689
CHN,USA,6,.038408294
EU,USA,6,.055864915
IND,USA,6,.051915616
JPN,USA,6,.040371124
ROW,USA,6,.018266169
USA,USA,6,0
BRA,BRA,7,0
CHN,BRA,7,.2600742
EU,BRA,7,.25477889
IND,BRA,7,.26492232
JPN,BRA,7,.2221128
ROW,BRA,7,.21560687
USA,BRA,7,.25362575
BRA,CHN,7,.13439821
CHN,CHN,7,0
EU,CHN,7,.12332799
IND,CHN,7,.11222108
JPN,CHN,7,.12281921
ROW,CHN,7,.073093489
USA,CHN,7,.12713587
BRA,EU,7,.07685294
CHN,EU,7,.072046801
EU,EU,7,0
IND,EU,7,.060454644
JPN,EU,7,.074239522
ROW,EU,7,.025964255
USA,EU,7,.073381297
BRA,IND,7,.094805814
CHN,IND,7,.099311322
EU,IND,7,.099672124
IND,IND,7,0
JPN,IND,7,.014359062
ROW,IND,7,.05202673
USA,IND,7,.10078475
BRA,JPN,7,.065111332
CHN,JPN,7,.053013593
EU,JPN,7,.066493325
IND,JPN,7,.00765
JPN,JPN,7,0
ROW,JPN,7,.032417368
USA,JPN,7,.06843438
BRA,ROW,7,.049097285
CHN,ROW,7,.086809009
EU,ROW,7,.036330711
IND,ROW,7,.080511183
JPN,ROW,7,.053766951
ROW,ROW,7,0
USA,ROW,7,.070485741
BRA,USA,7,.075658403
CHN,USA,7,.076613545
EU,USA,7,.076283053
IND,USA,7,.076927312
JPN,USA,7,.078691341
ROW,USA,7,.04476786
USA,USA,7,0
BRA,BRA,8,0
CHN,BRA,8,.17083333
EU,BRA,8,.1651513
IND,BRA,8,.18891717
JPN,BRA,8,.17559193
ROW,BRA,8,.13703845
USA,BRA,8,.17138213
BRA,CHN,8,.12062714
CHN,CHN,8,0
EU,CHN,8,.12116201
IND,CHN,8,.12619258
JPN,CHN,8,.12371597
ROW,CHN,8,.07050474
USA,CHN,8,.12221687
BRA,EU,8,.040450945
CHN,EU,8,.038954403
EU,EU,8,0
IND,EU,8,.014958285
JPN,EU,8,.040834971
ROW,EU,8,.017186364
USA,EU,8,.038420513
BRA,IND,8,.10050652
CHN,IND,8,.097765066
EU,IND,8,.1002994
IND,IND,8,0
JPN,IND,8,.043252874
ROW,IND,8,.055921178
USA,IND,8,.1013986
BRA,JPN,8,.067705557
CHN,JPN,8,.031867955
EU,JPN,8,.045470055
IND,JPN,8,.033403125
JPN,JPN,8,0
ROW,JPN,8,.026253514
USA,JPN,8,.046487235
BRA,ROW,8,.042580951
CHN,ROW,8,.081544951
EU,ROW,8,.037673231
IND,ROW,8,.067685187
JPN,ROW,8,.051966492
ROW,ROW,8,0
USA,ROW,8,.071217678
BRA,USA,8,.041406542
CHN,USA,8,.037453253
EU,USA,8,.036375143
IND,USA,8,.03847111
JPN,USA,8,.041772656
ROW,USA,8,.018786339
USA,USA,8,0
BRA,BRA,9,0
CHN,BRA,9,.1683552
EU,BRA,9,.16213909
IND,BRA,9,.17990303
JPN,BRA,9,.17188095
ROW,BRA,9,.13263921
USA,BRA,9,.16248341
BRA,CHN,9,.094756626
CHN,CHN,9,0
EU,CHN,9,.10087589
IND,CHN,9,.10713571
JPN,CHN,9,.10173498
ROW,CHN,9,.067941733
USA,CHN,9,.10190251
BRA,EU,9,.025928218
CHN,EU,9,.023839217
EU,EU,9,0
IND,EU,9,.015916737
JPN,EU,9,.025250001
ROW,EU,9,.010426154
USA,EU,9,.023562016
BRA,IND,9,.09505862
CHN,IND,9,.096034043
EU,IND,9,.097028688
IND,IND,9,0
JPN,IND,9,.028615817
ROW,IND,9,.057527307
USA,IND,9,.09709052
BRA,JPN,9,.004153125
CHN,JPN,9,.0036671171
EU,JPN,9,.017711297
IND,JPN,9,0
JPN,JPN,9,0
ROW,JPN,9,.0075736172
USA,JPN,9,.017442308
BRA,ROW,9,.030684616
CHN,ROW,9,.067456156
EU,ROW,9,.034122605
IND,ROW,9,.059675399
JPN,ROW,9,.042215891
ROW,ROW,9,0
USA,ROW,9,.0615023
BRA,USA,9,.020509755
CHN,USA,9,.020638332
EU,USA,9,.01989237
IND,USA,9,.024372043
JPN,USA,9,.023103921
ROW,USA,9,.010552918
USA,USA,9,0
BRA,BRA,10,0
CHN,BRA,10,.061579727
EU,BRA,10,.061742887
IND,BRA,10,.063613199
JPN,BRA,10,.061259504
ROW,BRA,10,.049487993
USA,BRA,10,.060698919
BRA,CHN,10,.060176596
CHN,CHN,10,0
EU,CHN,10,.059241902
IND,CHN,10,.059098307
JPN,CHN,10,.059535023
ROW,CHN,10,.0348377
USA,CHN,10,.059283294
BRA,EU,10,.047758602
CHN,EU,10,.048502889
EU,EU,10,0
IND,EU,10,.04643254
JPN,EU,10,.050027944
ROW,EU,10,.020138953
USA,EU,10,.048275732
BRA,IND,10,.070058584
CHN,IND,10,.069828607
EU,IND,10,.070278376
IND,IND,10,0
JPN,IND,10,.03514985
ROW,IND,10,.047264665
USA,IND,10,.07054054
BRA,JPN,10,0
CHN,JPN,10,.00069387758
EU,JPN,10,.028635696
IND,JPN,10,.0004766355
JPN,JPN,10,0
ROW,JPN,10,.015845431
USA,JPN,10,.027807541
BRA,ROW,10,.0114105
CHN,ROW,10,.022999814
EU,ROW,10,.01530316
IND,ROW,10,.02674602
JPN,ROW,10,.021807304
ROW,ROW,10,0
USA,ROW,10,.02671434
BRA,USA,10,.028880537
CHN,USA,10,.029615192
EU,USA,10,.028627271
IND,USA,10,.030140763
JPN,USA,10,.029188571
ROW,USA,10,.012401743
USA,USA,10,0
BRA,BRA,11,0
CHN,BRA,11,.093849331
EU,BRA,11,.091729783
IND,BRA,11,.087731726
JPN,BRA,11,.095436029
ROW,BRA,11,.07361868
USA,BRA,11,.090819828
BRA,CHN,11,.086469099
CHN,CHN,11,0
EU,CHN,11,.07923013
IND,CHN,11,.076592147
JPN,CHN,11,.08009661
ROW,CHN,11,.047252059
USA,CHN,11,.079144761
BRA,EU,11,.044213042
CHN,EU,11,.046882838
EU,EU,11,0
IND,EU,11,.029566059
JPN,EU,11,.047000125
ROW,EU,11,.019986559
USA,EU,11,.046752609
BRA,IND,11,.092147462
CHN,IND,11,.085145026
EU,IND,11,.094663233
IND,IND,11,0
JPN,IND,11,.04636617
ROW,IND,11,.067681797
USA,IND,11,.09581466
BRA,JPN,11,.0032694214
CHN,JPN,11,.0039615817
EU,JPN,11,.027002778
IND,JPN,11,.00060507038
JPN,JPN,11,0
ROW,JPN,11,.013701521
USA,JPN,11,.026091279
BRA,ROW,11,.021838641
CHN,ROW,11,.038128968
EU,ROW,11,.023294546
IND,ROW,11,.037614256
JPN,ROW,11,.031263389
ROW,ROW,11,0
USA,ROW,11,.039278373
BRA,USA,11,.030070089
CHN,USA,11,.0316609
EU,USA,11,.030905202
IND,USA,11,.031515207
JPN,USA,11,.031199856
ROW,USA,11,.013964175
USA,USA,11,0
BRA,BRA,12,0
CHN,BRA,12,.051344
EU,BRA,12,.053634316
IND,BRA,12,.055811476
JPN,BRA,12,.058688
ROW,BRA,12,.044072412
USA,BRA,12,.053702969
BRA,CHN,12,.051695835
CHN,CHN,12,0
EU,CHN,12,.047699999
IND,CHN,12,.047414035
JPN,CHN,12,.050482761
ROW,CHN,12,.029214118
USA,CHN,12,.047811829
BRA,EU,12,.014162903
CHN,EU,12,.018412963
EU,EU,12,0
IND,EU,12,.016080583
JPN,EU,12,.016943751
ROW,EU,12,.0089404956
USA,EU,12,.016832788
BRA,IND,12,.086666673
CHN,IND,12,.082647055
EU,IND,12,.08239796
IND,IND,12,0
JPN,IND,12,.031276595
ROW,IND,12,.060653485
USA,IND,12,.082712762
BRA,JPN,12,.0021666666
CHN,JPN,12,.00043670885
EU,JPN,12,.0087455548
IND,JPN,12,0
JPN,JPN,12,0
ROW,JPN,12,.0044144737
USA,JPN,12,.0095910253
BRA,ROW,12,.011658889
CHN,ROW,12,.018235
EU,ROW,12,.009896094
IND,ROW,12,.019314516
JPN,ROW,12,.016220184
ROW,ROW,12,0
USA,ROW,12,.016343651
BRA,USA,12,.016008822
CHN,USA,12,.013318948
EU,USA,12,.011776851
IND,USA,12,.011631818
JPN,USA,12,.012591045
ROW,USA,12,.0055495049
USA,USA,12,0
BRA,BRA,13,0
CHN,BRA,13,.17252059
EU,BRA,13,.17432342
IND,BRA,13,.16911344
JPN,BRA,13,.16211291
ROW,BRA,13,.14597993
USA,BRA,13,.17163241
BRA,CHN,13,.11585357
CHN,CHN,13,0
EU,CHN,13,.12103143
IND,CHN,13,.10705221
JPN,CHN,13,.12146394
ROW,CHN,13,.073182017
USA,CHN,13,.12151407
BRA,EU,13,.041735824
CHN,EU,13,.041845266
EU,EU,13,0
IND,EU,13,.010759286
JPN,EU,13,.042203613
ROW,EU,13,.018942807
USA,EU,13,.041845266
BRA,IND,13,.098470479
CHN,IND,13,.098594248
EU,IND,13,.1006062
IND,IND,13,0
JPN,IND,13,.054681577
ROW,IND,13,.06660147
USA,IND,13,.10063156
BRA,JPN,13,.030778874
CHN,JPN,13,.016263736
EU,JPN,13,.033489417
IND,JPN,13,.015425758
JPN,JPN,13,0
ROW,JPN,13,.018115273
USA,JPN,13,.032107968
BRA,ROW,13,.049635377
CHN,ROW,13,.090238601
EU,ROW,13,.044571582
IND,ROW,13,.080062106
JPN,ROW,13,.064727724
ROW,ROW,13,0
USA,ROW,13,.081980705
BRA,USA,13,.034785222
CHN,USA,13,.032483514
EU,USA,13,.032483514
IND,USA,13,.031411599
JPN,USA,13,.03238659
ROW,USA,13,.016449122
USA,USA,13,0
BRA,BRA,14,0
CHN,BRA,14,.11002721
EU,BRA,14,.10970512
IND,BRA,14,.11823027
JPN,BRA,14,.11376595
ROW,BRA,14,.092939995
USA,BRA,14,.10863889
BRA,CHN,14,.12012
CHN,CHN,14,0
EU,CHN,14,.12410375
IND,CHN,14,.11866942
JPN,CHN,14,.12432338
ROW,CHN,14,.076672047
USA,CHN,14,.1242961
BRA,EU,14,.035558518
CHN,EU,14,.033696912
EU,EU,14,0
IND,EU,14,.010745752
JPN,EU,14,.034825999
ROW,EU,14,.015770731
USA,EU,14,.033570807
BRA,IND,14,.095444441
CHN,IND,14,.093125321
EU,IND,14,.09340696
IND,IND,14,0
JPN,IND,14,.039966054
ROW,IND,14,.057053205
USA,IND,14,.093944609
BRA,JPN,14,0
CHN,JPN,14,.0012260274
EU,JPN,14,.011034228
IND,JPN,14,.00064062508
JPN,JPN,14,0
ROW,JPN,14,.0042591835
USA,JPN,14,.011212409
BRA,ROW,14,.033537887
CHN,ROW,14,.069615856
EU,ROW,14,.039367072
IND,ROW,14,.063733131
JPN,ROW,14,.046926543
ROW,ROW,14,0
USA,ROW,14,.059867684
BRA,USA,14,.036762375
CHN,USA,14,.032398064
EU,USA,14,.031719621
IND,USA,14,.034718111
JPN,USA,14,.033902962
ROW,USA,14,.016588051
USA,USA,14,0
BRA,BRA,15,0
CHN,BRA,15,.10401095
EU,BRA,15,.097312614
IND,BRA,15,.10897346
JPN,BRA,15,.10723916
ROW,BRA,15,.084718771
USA,BRA,15,.096573181
BRA,CHN,15,.05187818
CHN,CHN,15,0
EU,CHN,15,.051654026
IND,CHN,15,.053760454
JPN,CHN,15,.051945399
ROW,CHN,15,.031231461
USA,CHN,15,.051762987
BRA,EU,15,.014044276
CHN,EU,15,.014954521
EU,EU,15,0
IND,EU,15,.01556557
JPN,EU,15,.015084524
ROW,EU,15,.0069587785
USA,EU,15,.014328792
BRA,IND,15,.073341176
CHN,IND,15,.081230603
EU,IND,15,.080429748
IND,IND,15,0
JPN,IND,15,.012603321
ROW,IND,15,.049235817
USA,IND,15,.078118473
BRA,JPN,15,.0043535717
CHN,JPN,15,.0049429466
EU,JPN,15,.0099622952
IND,JPN,15,.00025416666
JPN,JPN,15,0
ROW,JPN,15,.0050551724
USA,JPN,15,.0091361115
BRA,ROW,15,.015016321
CHN,ROW,15,.032214068
EU,ROW,15,.017640609
IND,ROW,15,.035598949
JPN,ROW,15,.021529896
ROW,ROW,15,0
USA,ROW,15,.029279495
BRA,USA,15,.010804712
CHN,USA,15,.012304953
EU,USA,15,.011366577
IND,USA,15,.013252134
JPN,USA,15,.01149391
ROW,USA,15,.0050492226
USA,USA,15,0
BRA,BRA,16,0
CHN,BRA,16,.15699448
EU,BRA,16,.15814847
IND,BRA,16,.15919609
JPN,BRA,16,.15823701
ROW,BRA,16,.13333359
USA,BRA,16,.15802164
BRA,CHN,16,.10678305
CHN,CHN,16,0
EU,CHN,16,.11321399
IND,CHN,16,.10911103
JPN,CHN,16,.1133622
ROW,CHN,16,.070017315
USA,CHN,16,.11269093
BRA,EU,16,.02601821
CHN,EU,16,.025858765
EU,EU,16,0
IND,EU,16,.015370437
JPN,EU,16,.025818022
ROW,EU,16,.01198456
USA,EU,16,.025747059
BRA,IND,16,.09128616
CHN,IND,16,.091569401
EU,IND,16,.093365908
IND,IND,16,0
JPN,IND,16,.035148751
ROW,IND,16,.061666407
USA,IND,16,.093415529
BRA,JPN,16,.0022898735
CHN,JPN,16,.0020538464
EU,JPN,16,.013855357
IND,JPN,16,0
JPN,JPN,16,0
ROW,JPN,16,.0053543304
USA,JPN,16,.014288
BRA,ROW,16,.035225887
CHN,ROW,16,.067672551
EU,ROW,16,.03645147
IND,ROW,16,.062949874
JPN,ROW,16,.051019903
ROW,ROW,16,0
USA,ROW,16,.063235782
BRA,USA,16,.020364963
CHN,USA,16,.020208662
EU,USA,16,.020024547
IND,USA,16,.020487769
JPN,USA,16,.020270774
ROW,USA,16,.0091641089
USA,USA,16,0
BRA,BRA,17,0
CHN,BRA,17,.1368909
EU,BRA,17,.13369925
IND,BRA,17,.13135357
JPN,BRA,17,.13381615
ROW,BRA,17,.11479813
USA,BRA,17,.13205643
BRA,CHN,17,.066492416
CHN,CHN,17,0
EU,CHN,17,.079587385
IND,CHN,17,.069600768
JPN,CHN,17,.080413789
ROW,CHN,17,.048567563
USA,CHN,17,.077406637
BRA,EU,17,.027341951
CHN,EU,17,.030045759
EU,EU,17,0
IND,EU,17,.0030266175
JPN,EU,17,.029715
ROW,EU,17,.014358713
USA,EU,17,.030162675
BRA,IND,17,.075444154
CHN,IND,17,.079038888
EU,IND,17,.081203163
IND,IND,17,0
JPN,IND,17,.0374
ROW,IND,17,.055615798
USA,IND,17,.081132606
BRA,JPN,17,.00068142853
CHN,JPN,17,.00036832062
EU,JPN,17,.0088822022
IND,JPN,17,.0003236559
JPN,JPN,17,0
ROW,JPN,17,.0035541437
USA,JPN,17,.0089552682
BRA,ROW,17,.025651472
CHN,ROW,17,.04953064
EU,ROW,17,.026008923
IND,ROW,17,.0413686
JPN,ROW,17,.039204217
ROW,ROW,17,0
USA,ROW,17,.049642593
BRA,USA,17,.016892819
CHN,USA,17,.019015888
EU,USA,17,.018934982
IND,USA,17,.017666893
JPN,USA,17,.018887097
ROW,USA,17,.0084544811
USA,USA,17,0
BRA,BRA,18,0
CHN,BRA,18,.14283529
EU,BRA,18,.14256991
IND,BRA,18,.14048848
JPN,BRA,18,.14146745
ROW,BRA,18,.12178487
USA,BRA,18,.14253999
BRA,CHN,18,.082557589
CHN,CHN,18,0
EU,CHN,18,.094323114
IND,CHN,18,.078949086
JPN,CHN,18,.09412346
ROW,CHN,18,.058514375
USA,CHN,18,.091714621
BRA,EU,18,.02634092
CHN,EU,18,.026974849
EU,EU,18,0
IND,EU,18,.0020141935
JPN,EU,18,.026937628
ROW,EU,18,.013063783
USA,EU,18,.026974849
BRA,IND,18,.073944196
CHN,IND,18,.079707943
EU,IND,18,.080904864
IND,IND,18,0
JPN,IND,18,.039570067
ROW,IND,18,.056121193
USA,IND,18,.080748111
BRA,JPN,18,.00011063829
CHN,JPN,18,.000055793989
EU,JPN,18,.0067836135
IND,JPN,18,1.3574661e-06
JPN,JPN,18,0
ROW,JPN,18,.0025842437
USA,JPN,18,.0069758771
BRA,ROW,18,.026056595
CHN,ROW,18,.051044669
EU,ROW,18,.027826559
IND,ROW,18,.045182392
JPN,ROW,18,.041096982
ROW,ROW,18,0
USA,ROW,18,.05094004
BRA,USA,18,.020441642
CHN,USA,18,.021397352
EU,USA,18,.021443751
IND,USA,18,.021003816
JPN,USA,18,.021514917
ROW,USA,18,.010277575
USA,USA,18,0
BRA,BRA,19,0
CHN,BRA,19,.14013323
EU,BRA,19,.1373785
IND,BRA,19,.13985267
JPN,BRA,19,.13905901
ROW,BRA,19,.11773512
USA,BRA,19,.13740048
BRA,CHN,19,.08917737
CHN,CHN,19,0
EU,CHN,19,.095906146
IND,CHN,19,.089125164
JPN,CHN,19,.0969899
ROW,CHN,19,.058982402
USA,CHN,19,.093578815
BRA,EU,19,.023447515
CHN,EU,19,.02447583
EU,EU,19,0
IND,EU,19,.0056344699
JPN,EU,19,.024395525
ROW,EU,19,.011733587
USA,EU,19,.024528522
BRA,IND,19,.082998104
CHN,IND,19,.087965123
EU,IND,19,.090164758
IND,IND,19,0
JPN,IND,19,.040438086
ROW,IND,19,.059333481
USA,IND,19,.089056343
BRA,JPN,19,.0011601594
CHN,JPN,19,.00084214559
EU,JPN,19,.0051643117
IND,JPN,19,.0001993976
JPN,JPN,19,0
ROW,JPN,19,.0021629119
USA,JPN,19,.0051892754
BRA,ROW,19,.026438236
CHN,ROW,19,.050388608
EU,ROW,19,.02751578
IND,ROW,19,.046353444
JPN,ROW,19,.040570356
ROW,ROW,19,0
USA,ROW,19,.049344134
BRA,USA,19,.013934927
CHN,USA,19,.014929636
EU,USA,19,.014970354
IND,USA,19,.014669069
JPN,USA,19,.015202917
ROW,USA,19,.0071438355
USA,USA,19,0
BRA,BRA,20,0
CHN,BRA,20,.18279499
EU,BRA,20,.19670951
IND,BRA,20,.16529028
JPN,BRA,20,.17604929
ROW,BRA,20,.13629326
USA,BRA,20,.189145
BRA,CHN,20,.072736919
CHN,CHN,20,0
EU,CHN,20,.09553913
IND,CHN,20,.076267473
JPN,CHN,20,.096688576
ROW,CHN,20,.069515735
USA,CHN,20,.097617432
BRA,EU,20,.040311649
CHN,EU,20,.042927049
EU,EU,20,0
IND,EU,20,.022839816
JPN,EU,20,.043259505
ROW,EU,20,.018325396
USA,EU,20,.045003198
BRA,IND,20,.1070291
CHN,IND,20,.17423396
EU,IND,20,.21434523
IND,IND,20,0
JPN,IND,20,.182869
ROW,IND,20,.18067208
USA,IND,20,.18656603
BRA,JPN,20,.00050600001
CHN,JPN,20,.00048018864
EU,JPN,20,.0021264956
IND,JPN,20,.00012077922
JPN,JPN,20,0
ROW,JPN,20,.00075486727
USA,JPN,20,.0021824562
BRA,ROW,20,.047315966
CHN,ROW,20,.082516804
EU,ROW,20,.042860318
IND,ROW,20,.076256797
JPN,ROW,20,.074950002
ROW,ROW,20,0
USA,ROW,20,.07648889
BRA,USA,20,.017423404
CHN,USA,20,.015763478
EU,USA,20,.021474194
IND,USA,20,.010302174
JPN,USA,20,.020110345
ROW,USA,20,.0088432003
USA,USA,20,0
BRA,BRA,21,0
CHN,BRA,21,.15999281
EU,BRA,21,.15347199
IND,BRA,21,.16651297
JPN,BRA,21,.16455391
ROW,BRA,21,.13172778
USA,BRA,21,.15278263
BRA,CHN,21,.092908531
CHN,CHN,21,0
EU,CHN,21,.11351309
IND,CHN,21,.11699776
JPN,CHN,21,.12005568
ROW,CHN,21,.067187563
USA,CHN,21,.11040947
BRA,EU,21,.026292818
CHN,EU,21,.026485281
EU,EU,21,0
IND,EU,21,.0089312503
JPN,EU,21,.027154066
ROW,EU,21,.012339749
USA,EU,21,.026142061
BRA,IND,21,.088024072
CHN,IND,21,.12353039
EU,IND,21,.12722582
IND,IND,21,0
JPN,IND,21,.067078173
ROW,IND,21,.080686666
USA,IND,21,.12087499
BRA,JPN,21,.0032958335
CHN,JPN,21,.0033860963
EU,JPN,21,.015727829
IND,JPN,21,.00010689655
JPN,JPN,21,0
ROW,JPN,21,.0056720376
USA,JPN,21,.015509279
BRA,ROW,21,.034764055
CHN,ROW,21,.074892052
EU,ROW,21,.036428872
IND,ROW,21,.063930571
JPN,ROW,21,.05301021
ROW,ROW,21,0
USA,ROW,21,.06753473
BRA,USA,21,.015740741
CHN,USA,21,.019592157
EU,USA,21,.017865438
IND,USA,21,.019921428
JPN,USA,21,.02019785
ROW,USA,21,.0086356523
USA,USA,21,0
BRA,BRA,22,0
CHN,BRA,22,.16704382
EU,BRA,22,.16289957
IND,BRA,22,.16839497
JPN,BRA,22,.1454013
ROW,BRA,22,.14302425
USA,BRA,22,.1584287
BRA,CHN,22,.092206806
CHN,CHN,22,0
EU,CHN,22,.10138002
IND,CHN,22,.094364844
JPN,CHN,22,.1031708
ROW,CHN,22,.062889278
USA,CHN,22,.10060633
BRA,EU,22,.037496381
CHN,EU,22,.036188006
EU,EU,22,0
IND,EU,22,.01925613
JPN,EU,22,.036465187
ROW,EU,22,.015396854
USA,EU,22,.035940148
BRA,IND,22,.081572816
CHN,IND,22,.085395686
EU,IND,22,.086580656
IND,IND,22,0
JPN,IND,22,.032735676
ROW,IND,22,.054643985
USA,IND,22,.086281374
BRA,JPN,22,.020072287
CHN,JPN,22,.014576274
EU,JPN,22,.02063651
IND,JPN,22,.0027540263
JPN,JPN,22,0
ROW,JPN,22,.0096240565
USA,JPN,22,.020221226
BRA,ROW,22,.034014065
CHN,ROW,22,.063295059
EU,ROW,22,.030898264
IND,ROW,22,.057695717
JPN,ROW,22,.045143463
ROW,ROW,22,0
USA,ROW,22,.057972379
BRA,USA,22,.031184459
CHN,USA,22,.029837735
EU,USA,22,.029188924
IND,USA,22,.031385645
JPN,USA,22,.030262761
ROW,USA,22,.015586425
USA,USA,22,0
BRA,BRA,23,0
CHN,BRA,23,0
EU,BRA,23,0
IND,BRA,23,0
JPN,BRA,23,0
ROW,BRA,23,0
USA,BRA,23,0
BRA,CHN,23,0
CHN,CHN,23,0
EU,CHN,23,0
IND,CHN,23,0
JPN,CHN,23,0
ROW,CHN,23,0
USA,CHN,23,0
BRA,EU,23,0
CHN,EU,23,0
EU,EU,23,0
IND,EU,23,0
JPN,EU,23,0
ROW,EU,23,0
USA,EU,23,0
BRA,IND,23,0
CHN,IND,23,0
EU,IND,23,0
IND,IND,23,0
JPN,IND,23,0
ROW,IND,23,0
USA,IND,23,0
BRA,JPN,23,0
CHN,JPN,23,0
EU,JPN,23,0
IND,JPN,23,0
JPN,JPN,23,0
ROW,JPN,23,0
USA,JPN,23,0
BRA,ROW,23,0
CHN,ROW,23,0
EU,ROW,23,0
IND,ROW,23,0
JPN,ROW,23,0
ROW,ROW,23,0
USA,ROW,23,0
BRA,USA,23,0
CHN,USA,23,0
EU,USA,23,0
IND,USA,23,0
JPN,USA,23,0
ROW,USA,23,0
USA,USA,23,0
BRA,BRA,24,0
CHN,BRA,24,0
EU,BRA,24,0
IND,BRA,24,0
JPN,BRA,24,0
ROW,BRA,24,0
USA,BRA,24,0
BRA,CHN,24,0
CHN,CHN,24,0
EU,CHN,24,0
IND,CHN,24,0
JPN,CHN,24,0
ROW,CHN,24,0
USA,CHN,24,0
BRA,EU,24,0
CHN,EU,24,0
EU,EU,24,0
IND,EU,24,0
JPN,EU,24,0
ROW,EU,24,0
USA,EU,24,0
BRA,IND,24,0
CHN,IND,24,0
EU,IND,24,0
IND,IND,24,0
JPN,IND,24,0
ROW,IND,24,0
USA,IND,24,0
BRA,JPN,24,0
CHN,JPN,24,0
EU,JPN,24,0
IND,JPN,24,0
JPN,JPN,24,0
ROW,JPN,24,0
USA,JPN,24,0
BRA,ROW,24,0
CHN,ROW,24,0
EU,ROW,24,0
IND,ROW,24,0
JPN,ROW,24,0
ROW,ROW,24,0
USA,ROW,24,0
BRA,USA,24,0
CHN,USA,24,0
EU,USA,24,0
IND,USA,24,0
JPN,USA,24,0
ROW,USA,24,0
USA,USA,24,0
BRA,BRA,25,0
CHN,BRA,25,0
EU,BRA,25,0
IND,BRA,25,0
JPN,BRA,25,0
ROW,BRA,25,0
USA,BRA,25,0
BRA,CHN,25,0
CHN,CHN,25,0
EU,CHN,25,0
IND,CHN,25,0
JPN,CHN,25,0
ROW,CHN,25,0
USA,CHN,25,0
BRA,EU,25,0
CHN,EU,25,0
EU,EU,25,0
IND,EU,25,0
JPN,EU,25,0
ROW,EU,25,0
USA,EU,25,0
BRA,IND,25,0
CHN,IND,25,0
EU,IND,25,0
IND,IND,25,0
JPN,IND,25,0
ROW,IND,25,0
USA,IND,25,0
BRA,JPN,25,0
CHN,JPN,25,0
EU,JPN,25,0
IND,JPN,25,0
JPN,JPN,25,0
ROW,JPN,25,0
USA,JPN,25,0
BRA,ROW,25,0
CHN,ROW,25,0
EU,ROW,25,0
IND,ROW,25,0
JPN,ROW,25,0
ROW,ROW,25,0
USA,ROW,25,0
BRA,USA,25,0
CHN,USA,25,0
EU,USA,25,0
IND,USA,25,0
JPN,USA,25,0
ROW,USA,25,0
USA,USA,25,0
BRA,BRA,26,0
CHN,BRA,26,0
EU,BRA,26,0
IND,BRA,26,0
JPN,BRA,26,0
ROW,BRA,26,0
USA,BRA,26,0
BRA,CHN,26,0
CHN,CHN,26,0
EU,CHN,26,0
IND,CHN,26,0
JPN,CHN,26,0
ROW,CHN,26,0
USA,CHN,26,0
BRA,EU,26,0
CHN,EU,26,0
EU,EU,26,0
IND,EU,26,0
JPN,EU,26,0
ROW,EU,26,0
USA,EU,26,0
BRA,IND,26,0
CHN,IND,26,0
EU,IND,26,0
IND,IND,26,0
JPN,IND,26,0
ROW,IND,26,0
USA,IND,26,0
BRA,JPN,26,0
CHN,JPN,26,0
EU,JPN,26,0
IND,JPN,26,0
JPN,JPN,26,0
ROW,JPN,26,0
USA,JPN,26,0
BRA,ROW,26,0
CHN,ROW,26,0
EU,ROW,26,0
IND,ROW,26,0
JPN,ROW,26,0
ROW,ROW,26,0
USA,ROW,26,0
BRA,USA,26,0
CHN,USA,26,0
EU,USA,26,0
IND,USA,26,0
JPN,USA,26,0
ROW,USA,26,0
USA,USA,26,0
BRA,BRA,27,0
CHN,BRA,27,0
EU,BRA,27,0
IND,BRA,27,0
JPN,BRA,27,0
ROW,BRA,27,0
USA,BRA,27,0
BRA,CHN,27,0
CHN,CHN,27,0
EU,CHN,27,0
IND,CHN,27,0
JPN,CHN,27,0
ROW,CHN,27,0
USA,CHN,27,0
BRA,EU,27,0
CHN,EU,27,0
EU,EU,27,0
IND,EU,27,0
JPN,EU,27,0
ROW,EU,27,0
USA,EU,27,0
BRA,IND,27,0
CHN,IND,27,0
EU,IND,27,0
IND,IND,27,0
JPN,IND,27,0
ROW,IND,27,0
USA,IND,27,0
BRA,JPN,27,0
CHN,JPN,27,0
EU,JPN,27,0
IND,JPN,27,0
JPN,JPN,27,0
ROW,JPN,27,0
USA,JPN,27,0
BRA,ROW,27,0
CHN,ROW,27,0
EU,ROW,27,0
IND,ROW,27,0
JPN,ROW,27,0
ROW,ROW,27,0
USA,ROW,27,0
BRA,USA,27,0
CHN,USA,27,0
EU,USA,27,0
IND,USA,27,0
JPN,USA,27,0
ROW,USA,27,0
USA,USA,27,0
BRA,BRA,28,0
CHN,BRA,28,0
EU,BRA,28,0
IND,BRA,28,0
JPN,BRA,28,0
ROW,BRA,28,0
USA,BRA,28,0
BRA,CHN,28,0
CHN,CHN,28,0
EU,CHN,28,0
IND,CHN,28,0
JPN,CHN,28,0
ROW,CHN,28,0
USA,CHN,28,0
BRA,EU,28,0
CHN,EU,28,0
EU,EU,28,0
IND,EU,28,0
JPN,EU,28,0
ROW,EU,28,0
USA,EU,28,0
BRA,IND,28,0
CHN,IND,28,0
EU,IND,28,0
IND,IND,28,0
JPN,IND,28,0
ROW,IND,28,0
USA,IND,28,0
BRA,JPN,28,0
CHN,JPN,28,0
EU,JPN,28,0
IND,JPN,28,0
JPN,JPN,28,0
ROW,JPN,28,0
USA,JPN,28,0
BRA,ROW,28,0
CHN,ROW,28,0
EU,ROW,28,0
IND,ROW,28,0
JPN,ROW,28,0
ROW,ROW,28,0
USA,ROW,28,0
BRA,USA,28,0
CHN,USA,28,0
EU,USA,28,0
IND,USA,28,0
JPN,USA,28,0
ROW,USA,28,0
USA,USA,28,0
BRA,BRA,29,0
CHN,BRA,29,0
EU,BRA,29,0
IND,BRA,29,0
JPN,BRA,29,0
ROW,BRA,29,0
USA,BRA,29,0
BRA,CHN,29,0
CHN,CHN,29,0
EU,CHN,29,0
IND,CHN,29,0
JPN,CHN,29,0
ROW,CHN,29,0
USA,CHN,29,0
BRA,EU,29,0
CHN,EU,29,0
EU,EU,29,0
IND,EU,29,0
JPN,EU,29,0
ROW,EU,29,0
USA,EU,29,0
BRA,IND,29,0
CHN,IND,29,0
EU,IND,29,0
IND,IND,29,0
JPN,IND,29,0
ROW,IND,29,0
USA,IND,29,0
BRA,JPN,29,0
CHN,JPN,29,0
EU,JPN,29,0
IND,JPN,29,0
JPN,JPN,29,0
ROW,JPN,29,0
USA,JPN,29,0
BRA,ROW,29,0
CHN,ROW,29,0
EU,ROW,29,0
IND,ROW,29,0
JPN,ROW,29,0
ROW,ROW,29,0
USA,ROW,29,0
BRA,USA,29,0
CHN,USA,29,0
EU,USA,29,0
IND,USA,29,0
JPN,USA,29,0
ROW,USA,29,0
USA,USA,29,0
BRA,BRA,30,0
CHN,BRA,30,0
EU,BRA,30,0
IND,BRA,30,0
JPN,BRA,30,0
ROW,BRA,30,0
USA,BRA,30,0
BRA,CHN,30,0
CHN,CHN,30,0
EU,CHN,30,0
IND,CHN,30,0
JPN,CHN,30,0
ROW,CHN,30,0
USA,CHN,30,0
BRA,EU,30,0
CHN,EU,30,0
EU,EU,30,0
IND,EU,30,0
JPN,EU,30,0
ROW,EU,30,0
USA,EU,30,0
BRA,IND,30,0
CHN,IND,30,0
EU,IND,30,0
IND,IND,30,0
JPN,IND,30,0
ROW,IND,30,0
USA,IND,30,0
BRA,JPN,30,0
CHN,JPN,30,0
EU,JPN,30,0
IND,JPN,30,0
JPN,JPN,30,0
ROW,JPN,30,0
USA,JPN,30,0
BRA,ROW,30,0
CHN,ROW,30,0
EU,ROW,30,0
IND,ROW,30,0
JPN,ROW,30,0
ROW,ROW,30,0
USA,ROW,30,0
BRA,USA,30,0
CHN,USA,30,0
EU,USA,30,0
IND,USA,30,0
JPN,USA,30,0
ROW,USA,30,0
USA,USA,30,0
BRA,BRA,31,0
CHN,BRA,31,0
EU,BRA,31,0
IND,BRA,31,0
JPN,BRA,31,0
ROW,BRA,31,0
USA,BRA,31,0
BRA,CHN,31,0
CHN,CHN,31,0
EU,CHN,31,0
IND,CHN,31,0
JPN,CHN,31,0
ROW,CHN,31,0
USA,CHN,31,0
BRA,EU,31,0
CHN,EU,31,0
EU,EU,31,0
IND,EU,31,0
JPN,EU,31,0
ROW,EU,31,0
USA,EU,31,0
BRA,IND,31,0
CHN,IND,31,0
EU,IND,31,0
IND,IND,31,0
JPN,IND,31,0
ROW,IND,31,0
USA,IND,31,0
BRA,JPN,31,0
CHN,JPN,31,0
EU,JPN,31,0
IND,JPN,31,0
JPN,JPN,31,0
ROW,JPN,31,0
USA,JPN,31,0
BRA,ROW,31,0
CHN,ROW,31,0
EU,ROW,31,0
IND,ROW,31,0
JPN,ROW,31,0
ROW,ROW,31,0
USA,ROW,31,0
BRA,USA,31,0
CHN,USA,31,0
EU,USA,31,0
IND,USA,31,0
JPN,USA,31,0
ROW,USA,31,0
USA,USA,31,0
BRA,BRA,32,0
CHN,BRA,32,0
EU,BRA,32,0
IND,BRA,32,0
JPN,BRA,32,0
ROW,BRA,32,0
USA,BRA,32,0
BRA,CHN,32,0
CHN,CHN,32,0
EU,CHN,32,0
IND,CHN,32,0
JPN,CHN,32,0
ROW,CHN,32,0
USA,CHN,32,0
BRA,EU,32,0
CHN,EU,32,0
EU,EU,32,0
IND,EU,32,0
JPN,EU,32,0
ROW,EU,32,0
USA,EU,32,0
BRA,IND,32,0
CHN,IND,32,0
EU,IND,32,0
IND,IND,32,0
JPN,IND,32,0
ROW,IND,32,0
USA,IND,32,0
BRA,JPN,32,0
CHN,JPN,32,0
EU,JPN,32,0
IND,JPN,32,0
JPN,JPN,32,0
ROW,JPN,32,0
USA,JPN,32,0
BRA,ROW,32,0
CHN,ROW,32,0
EU,ROW,32,0
IND,ROW,32,0
JPN,ROW,32,0
ROW,ROW,32,0
USA,ROW,32,0
BRA,USA,32,0
CHN,USA,32,0
EU,USA,32,0
IND,USA,32,0
JPN,USA,32,0
ROW,USA,32,0
USA,USA,32,0
BRA,BRA,33,0
CHN,BRA,33,0
EU,BRA,33,0
IND,BRA,33,0
JPN,BRA,33,0
ROW,BRA,33,0
USA,BRA,33,0
BRA,CHN,33,0
CHN,CHN,33,0
EU,CHN,33,0
IND,CHN,33,0
JPN,CHN,33,0
ROW,CHN,33,0
USA,CHN,33,0
BRA,EU,33,0
CHN,EU,33,0
EU,EU,33,0
IND,EU,33,0
JPN,EU,33,0
ROW,EU,33,0
USA,EU,33,0
BRA,IND,33,0
CHN,IND,33,0
EU,IND,33,0
IND,IND,33,0
JPN,IND,33,0
ROW,IND,33,0
USA,IND,33,0
BRA,JPN,33,0
CHN,JPN,33,0
EU,JPN,33,0
IND,JPN,33,0
JPN,JPN,33,0
ROW,JPN,33,0
USA,JPN,33,0
BRA,ROW,33,0
CHN,ROW,33,0
EU,ROW,33,0
IND,ROW,33,0
JPN,ROW,33,0
ROW,ROW,33,0
USA,ROW,33,0
BRA,USA,33,0
CHN,USA,33,0
EU,USA,33,0
IND,USA,33,0
JPN,USA,33,0
ROW,USA,33,0
USA,USA,33,0
BRA,BRA,34,0
CHN,BRA,34,0
EU,BRA,34,0
IND,BRA,34,0
JPN,BRA,34,0
ROW,BRA,34,0
USA,BRA,34,0
BRA,CHN,34,0
CHN,CHN,34,0
EU,CHN,34,0
IND,CHN,34,0
JPN,CHN,34,0
ROW,CHN,34,0
USA,CHN,34,0
BRA,EU,34,0
CHN,EU,34,0
EU,EU,34,0
IND,EU,34,0
JPN,EU,34,0
ROW,EU,34,0
USA,EU,34,0
BRA,IND,34,0
CHN,IND,34,0
EU,IND,34,0
IND,IND,34,0
JPN,IND,34,0
ROW,IND,34,0
USA,IND,34,0
BRA,JPN,34,0
CHN,JPN,34,0
EU,JPN,34,0
IND,JPN,34,0
JPN,JPN,34,0
ROW,JPN,34,0
USA,JPN,34,0
BRA,ROW,34,0
CHN,ROW,34,0
EU,ROW,34,0
IND,ROW,34,0
JPN,ROW,34,0
ROW,ROW,34,0
USA,ROW,34,0
BRA,USA,34,0
CHN,USA,34,0
EU,USA,34,0
IND,USA,34,0
JPN,USA,34,0
ROW,USA,34,0
USA,USA,34,0
BRA,BRA,35,0
CHN,BRA,35,0
EU,BRA,35,0
IND,BRA,35,0
JPN,BRA,35,0
ROW,BRA,35,0
USA,BRA,35,0
BRA,CHN,35,0
CHN,CHN,35,0
EU,CHN,35,0
IND,CHN,35,0
JPN,CHN,35,0
ROW,CHN,35,0
USA,CHN,35,0
BRA,EU,35,0
CHN,EU,35,0
EU,EU,35,0
IND,EU,35,0
JPN,EU,35,0
ROW,EU,35,0
USA,EU,35,0
BRA,IND,35,0
CHN,IND,35,0
EU,IND,35,0
IND,IND,35,0
JPN,IND,35,0
ROW,IND,35,0
USA,IND,35,0
BRA,JPN,35,0
CHN,JPN,35,0
EU,JPN,35,0
IND,JPN,35,0
JPN,JPN,35,0
ROW,JPN,35,0
USA,JPN,35,0
BRA,ROW,35,0
CHN,ROW,35,0
EU,ROW,35,0
IND,ROW,35,0
JPN,ROW,35,0
ROW,ROW,35,0
USA,ROW,35,0
BRA,USA,35,0
CHN,USA,35,0
EU,USA,35,0
IND,USA,35,0
JPN,USA,35,0
ROW,USA,35,0
USA,USA,35,0
BRA,BRA,36,0
CHN,BRA,36,0
EU,BRA,36,0
IND,BRA,36,0
JPN,BRA,36,0
ROW,BRA,36,0
USA,BRA,36,0
BRA,CHN,36,0
CHN,CHN,36,0
EU,CHN,36,0
IND,CHN,36,0
JPN,CHN,36,0
ROW,CHN,36,0
USA,CHN,36,0
BRA,EU,36,0
CHN,EU,36,0
EU,EU,36,0
IND,EU,36,0
JPN,EU,36,0
ROW,EU,36,0
USA,EU,36,0
BRA,IND,36,0
CHN,IND,36,0
EU,IND,36,0
IND,IND,36,0
JPN,IND,36,0
ROW,IND,36,0
USA,IND,36,0
BRA,JPN,36,0
CHN,JPN,36,0
EU,JPN,36,0
IND,JPN,36,0
JPN,JPN,36,0
ROW,JPN,36,0
USA,JPN,36,0
BRA,ROW,36,0
CHN,ROW,36,0
EU,ROW,36,0
IND,ROW,36,0
JPN,ROW,36,0
ROW,ROW,36,0
USA,ROW,36,0
BRA,USA,36,0
CHN,USA,36,0
EU,USA,36,0
IND,USA,36,0
JPN,USA,36,0
ROW,USA,36,0
USA,USA,36,0
BRA,BRA,37,0
CHN,BRA,37,0
EU,BRA,37,0
IND,BRA,37,0
JPN,BRA,37,0
ROW,BRA,37,0
USA,BRA,37,0
BRA,CHN,37,0
CHN,CHN,37,0
EU,CHN,37,0
IND,CHN,37,0
JPN,CHN,37,0
ROW,CHN,37,0
USA,CHN,37,0
BRA,EU,37,0
CHN,EU,37,0
EU,EU,37,0
IND,EU,37,0
JPN,EU,37,0
ROW,EU,37,0
USA,EU,37,0
BRA,IND,37,0
CHN,IND,37,0
EU,IND,37,0
IND,IND,37,0
JPN,IND,37,0
ROW,IND,37,0
USA,IND,37,0
BRA,JPN,37,0
CHN,JPN,37,0
EU,JPN,37,0
IND,JPN,37,0
JPN,JPN,37,0
ROW,JPN,37,0
USA,JPN,37,0
BRA,ROW,37,0
CHN,ROW,37,0
EU,ROW,37,0
IND,ROW,37,0
JPN,ROW,37,0
ROW,ROW,37,0
USA,ROW,37,0
BRA,USA,37,0
CHN,USA,37,0
EU,USA,37,0
IND,USA,37,0
JPN,USA,37,0
ROW,USA,37,0
USA,USA,37,0
BRA,BRA,38,0
CHN,BRA,38,0
EU,BRA,38,0
IND,BRA,38,0
JPN,BRA,38,0
ROW,BRA,38,0
USA,BRA,38,0
BRA,CHN,38,0
CHN,CHN,38,0
EU,CHN,38,0
IND,CHN,38,0
JPN,CHN,38,0
ROW,CHN,38,0
USA,CHN,38,0
BRA,EU,38,0
CHN,EU,38,0
EU,EU,38,0
IND,EU,38,0
JPN,EU,38,0
ROW,EU,38,0
USA,EU,38,0
BRA,IND,38,0
CHN,IND,38,0
EU,IND,38,0
IND,IND,38,0
JPN,IND,38,0
ROW,IND,38,0
USA,IND,38,0
BRA,JPN,38,0
CHN,JPN,38,0
EU,JPN,38,0
IND,JPN,38,0
JPN,JPN,38,0
ROW,JPN,38,0
USA,JPN,38,0
BRA,ROW,38,0
CHN,ROW,38,0
EU,ROW,38,0
IND,ROW,38,0
JPN,ROW,38,0
ROW,ROW,38,0
USA,ROW,38,0
BRA,USA,38,0
CHN,USA,38,0
EU,USA,38,0
IND,USA,38,0
JPN,USA,38,0
ROW,USA,38,0
USA,USA,38,0
BRA,BRA,39,0
CHN,BRA,39,0
EU,BRA,39,0
IND,BRA,39,0
JPN,BRA,39,0
ROW,BRA,39,0
USA,BRA,39,0
BRA,CHN,39,0
CHN,CHN,39,0
EU,CHN,39,0
IND,CHN,39,0
JPN,CHN,39,0
ROW,CHN,39,0
USA,CHN,39,0
BRA,EU,39,0
CHN,EU,39,0
EU,EU,39,0
IND,EU,39,0
JPN,EU,39,0
ROW,EU,39,0
USA,EU,39,0
BRA,IND,39,0
CHN,IND,39,0
EU,IND,39,0
IND,IND,39,0
JPN,IND,39,0
ROW,IND,39,0
USA,IND,39,0
BRA,JPN,39,0
CHN,JPN,39,0
EU,JPN,39,0
IND,JPN,39,0
JPN,JPN,39,0
ROW,JPN,39,0
USA,JPN,39,0
BRA,ROW,39,0
CHN,ROW,39,0
EU,ROW,39,0
IND,ROW,39,0
JPN,ROW,39,0
ROW,ROW,39,0
USA,ROW,39,0
BRA,USA,39,0
CHN,USA,39,0
EU,USA,39,0
IND,USA,39,0
JPN,USA,39,0
ROW,USA,39,0
USA,USA,39,0
BRA,BRA,40,0
CHN,BRA,40,0
EU,BRA,40,0
IND,BRA,40,0
JPN,BRA,40,0
ROW,BRA,40,0
USA,BRA,40,0
BRA,CHN,40,0
CHN,CHN,40,0
EU,CHN,40,0
IND,CHN,40,0
JPN,CHN,40,0
ROW,CHN,40,0
USA,CHN,40,0
BRA,EU,40,0
CHN,EU,40,0
EU,EU,40,0
IND,EU,40,0
JPN,EU,40,0
ROW,EU,40,0
USA,EU,40,0
BRA,IND,40,0
CHN,IND,40,0
EU,IND,40,0
IND,IND,40,0
JPN,IND,40,0
ROW,IND,40,0
USA,IND,40,0
BRA,JPN,40,0
CHN,JPN,40,0
EU,JPN,40,0
IND,JPN,40,0
JPN,JPN,40,0
ROW,JPN,40,0
USA,JPN,40,0
BRA,ROW,40,0
CHN,ROW,40,0
EU,ROW,40,0
IND,ROW,40,0
JPN,ROW,40,0
ROW,ROW,40,0
USA,ROW,40,0
BRA,USA,40,0
CHN,USA,40,0
EU,USA,40,0
IND,USA,40,0
JPN,USA,40,0
ROW,USA,40,0
USA,USA,40,0
BRA,BRA,41,0
CHN,BRA,41,0
EU,BRA,41,0
IND,BRA,41,0
JPN,BRA,41,0
ROW,BRA,41,0
USA,BRA,41,0
BRA,CHN,41,0
CHN,CHN,41,0
EU,CHN,41,0
IND,CHN,41,0
JPN,CHN,41,0
ROW,CHN,41,0
USA,CHN,41,0
BRA,EU,41,0
CHN,EU,41,0
EU,EU,41,0
IND,EU,41,0
JPN,EU,41,0
ROW,EU,41,0
USA,EU,41,0
BRA,IND,41,0
CHN,IND,41,0
EU,IND,41,0
IND,IND,41,0
JPN,IND,41,0
ROW,IND,41,0
USA,IND,41,0
BRA,JPN,41,0
CHN,JPN,41,0
EU,JPN,41,0
IND,JPN,41,0
JPN,JPN,41,0
ROW,JPN,41,0
USA,JPN,41,0
BRA,ROW,41,0
CHN,ROW,41,0
EU,ROW,41,0
IND,ROW,41,0
JPN,ROW,41,0
ROW,ROW,41,0
USA,ROW,41,0
BRA,USA,41,0
CHN,USA,41,0
EU,USA,41,0
IND,USA,41,0
JPN,USA,41,0
ROW,USA,41,0
USA,USA,41,0
BRA,BRA,42,0
CHN,BRA,42,0
EU,BRA,42,0
IND,BRA,42,0
JPN,BRA,42,0
ROW,BRA,42,0
USA,BRA,42,0
BRA,CHN,42,0
CHN,CHN,42,0
EU,CHN,42,0
IND,CHN,42,0
JPN,CHN,42,0
ROW,CHN,42,0
USA,CHN,42,0
BRA,EU,42,0
CHN,EU,42,0
EU,EU,42,0
IND,EU,42,0
JPN,EU,42,0
ROW,EU,42,0
USA,EU,42,0
BRA,IND,42,0
CHN,IND,42,0
EU,IND,42,0
IND,IND,42,0
JPN,IND,42,0
ROW,IND,42,0
USA,IND,42,0
BRA,JPN,42,0
CHN,JPN,42,0
EU,JPN,42,0
IND,JPN,42,0
JPN,JPN,42,0
ROW,JPN,42,0
USA,JPN,42,0
BRA,ROW,42,0
CHN,ROW,42,0
EU,ROW,42,0
IND,ROW,42,0
JPN,ROW,42,0
ROW,ROW,42,0
USA,ROW,42,0
BRA,USA,42,0
CHN,USA,42,0
EU,USA,42,0
IND,USA,42,0
JPN,USA,42,0
ROW,USA,42,0
USA,USA,42,0
BRA,BRA,43,0
CHN,BRA,43,0
EU,BRA,43,0
IND,BRA,43,0
JPN,BRA,43,0
ROW,BRA,43,0
USA,BRA,43,0
BRA,CHN,43,0
CHN,CHN,43,0
EU,CHN,43,0
IND,CHN,43,0
JPN,CHN,43,0
ROW,CHN,43,0
USA,CHN,43,0
BRA,EU,43,0
CHN,EU,43,0
EU,EU,43,0
IND,EU,43,0
JPN,EU,43,0
ROW,EU,43,0
USA,EU,43,0
BRA,IND,43,0
CHN,IND,43,0
EU,IND,43,0
IND,IND,43,0
JPN,IND,43,0
ROW,IND,43,0
USA,IND,43,0
BRA,JPN,43,0
CHN,JPN,43,0
EU,JPN,43,0
IND,JPN,43,0
JPN,JPN,43,0
ROW,JPN,43,0
USA,JPN,43,0
BRA,ROW,43,0
CHN,ROW,43,0
EU,ROW,43,0
IND,ROW,43,0
JPN,ROW,43,0
ROW,ROW,43,0
USA,ROW,43,0
BRA,USA,43,0
CHN,USA,43,0
EU,USA,43,0
IND,USA,43,0
JPN,USA,43,0
ROW,USA,43,0
USA,USA,43,0
BRA,BRA,44,0
CHN,BRA,44,0
EU,BRA,44,0
IND,BRA,44,0
JPN,BRA,44,0
ROW,BRA,44,0
USA,BRA,44,0
BRA,CHN,44,0
CHN,CHN,44,0
EU,CHN,44,0
IND,CHN,44,0
JPN,CHN,44,0
ROW,CHN,44,0
USA,CHN,44,0
BRA,EU,44,0
CHN,EU,44,0
EU,EU,44,0
IND,EU,44,0
JPN,EU,44,0
ROW,EU,44,0
USA,EU,44,0
BRA,IND,44,0
CHN,IND,44,0
EU,IND,44,0
IND,IND,44,0
JPN,IND,44,0
ROW,IND,44,0
USA,IND,44,0
BRA,JPN,44,0
CHN,JPN,44,0
EU,JPN,44,0
IND,JPN,44,0
JPN,JPN,44,0
ROW,JPN,44,0
USA,JPN,44,0
BRA,ROW,44,0
CHN,ROW,44,0
EU,ROW,44,0
IND,ROW,44,0
JPN,ROW,44,0
ROW,ROW,44,0
USA,ROW,44,0
BRA,USA,44,0
CHN,USA,44,0
EU,USA,44,0
IND,USA,44,0
JPN,USA,44,0
ROW,USA,44,0
USA,USA,44,0
